{
  "best_fitness": [
    79.83076923076923,
    79.83076923076923,
    79.83076923076923,
    79.83076923076923,
    79.83076923076923,
    79.83076923076923,
    79.83076923076923,
    79.83076923076923,
    79.83076923076923,
    79.83076923076923,
    79.83076923076923,
    79.83076923076923,
    79.83076923076923,
    79.83076923076923,
    79.83076923076923,
    79.83076923076923,
    79.83076923076923,
    79.83076923076923,
    79.83076923076923,
    79.83076923076923,
    79.83076923076923,
    79.83076923076923,
    79.83076923076923,
    79.83076923076923,
    79.83076923076923,
    79.83076923076923,
    79.83076923076923,
    79.83076923076923,
    79.83076923076923,
    79.83076923076923,
    79.83076923076923,
    79.83076923076923,
    79.83076923076923,
    79.83076923076923,
    79.83076923076923,
    79.83076923076923,
    79.83076923076923,
    79.83076923076923,
    79.83076923076923,
    79.83076923076923,
    79.83076923076923,
    79.83076923076923,
    79.83076923076923,
    79.83076923076923,
    79.83076923076923,
    79.83076923076923,
    79.83076923076923,
    79.83076923076923,
    79.83076923076923,
    79.83076923076923
  ],
  "avg_fitness": [
    -179488.98843406595,
    -207955.85414835167,
    -132221.37173076923,
    -154624.71288461538,
    -145517.98384615383,
    -154618.7003846154,
    -163717.30442307692,
    -163712.36692307692,
    -163709.4794230769,
    -136411.5673076923,
    -136411.4923076923,
    -136415.4173076923,
    -127315.62576923077,
    -163722.74192307692,
    -163715.2669230769,
    -163711.0169230769,
    -145510.25884615383,
    -127315.23826923077,
    -163717.31692307693,
    -154613.47538461536,
    -136413.6423076923,
    -163713.46692307692,
    -145511.54634615383,
    -118213.44673076924,
    -163717.0419230769,
    -145512.28384615382,
    -154615.2878846154,
    -145512.29634615386,
    -127312.20076923077,
    -127316.65076923075,
    -163718.42942307692,
    -163710.5794230769,
    -163709.71692307692,
    -145509.20884615387,
    -154616.12538461538,
    -154615.22538461536,
    -145514.53384615385,
    -145514.23384615386,
    -154614.73788461537,
    -163712.5794230769,
    -154608.42538461537,
    -154614.43788461538,
    -154611.45038461537,
    -154610.05038461537,
    -154610.7253846154,
    -127313.85076923078,
    -136414.9173076923,
    -136417.16730769232,
    -136415.4673076923,
    -127314.36326923079
  ],
  "worst_fitness": [
    -430942.5,
    -511946.5,
    -461943.0,
    -181947.0,
    -181928.5,
    -181941.25,
    -181933.0,
    -181951.0,
    -181944.0,
    -181927.0,
    -181923.0,
    -181928.0,
    -181940.75,
    -181942.0,
    -181926.0,
    -181928.0,
    -181922.5,
    -181930.25,
    -181939.0,
    -181935.0,
    -181922.0,
    -181933.0,
    -181937.75,
    -181927.0,
    -181939.0,
    -181929.5,
    -181936.25,
    -181925.75,
    -181923.0,
    -181935.5,
    -181935.0,
    -181922.0,
    -181931.0,
    -181928.5,
    -181938.0,
    -181927.0,
    -181933.25,
    -181947.0,
    -181931.0,
    -181927.75,
    -181928.0,
    -181941.5,
    -181929.0,
    -181927.5,
    -181938.5,
    -181944.5,
    -181931.0,
    -181930.5,
    -181928.0,
    -181938.25
  ],
  "diversity": [
    100,
    100,
    100,
    100,
    100,
    100,
    100,
    100,
    100,
    100,
    100,
    100,
    100,
    100,
    100,
    100,
    100,
    100,
    100,
    100,
    100,
    100,
    100,
    100,
    100,
    100,
    100,
    100,
    100,
    100,
    100,
    100,
    100,
    100,
    100,
    100,
    100,
    100,
    100,
    100,
    100,
    100,
    100,
    100,
    100,
    100,
    100,
    100,
    100,
    100
  ],
  "valid_count": [
    6,
    5,
    7,
    3,
    4,
    3,
    2,
    2,
    2,
    5,
    5,
    5,
    6,
    2,
    2,
    2,
    4,
    6,
    2,
    3,
    5,
    2,
    4,
    7,
    2,
    4,
    3,
    4,
    6,
    6,
    2,
    2,
    2,
    4,
    3,
    3,
    4,
    4,
    3,
    2,
    3,
    3,
    3,
    3,
    3,
    6,
    5,
    5,
    5,
    6
  ]
}